id,name,parent_id/id,property_account_expense_categ/id,property_account_income_categ/id
cwa_module.afdeling_01,"AGF",,"voedselcoop_7301","voedselcoop_8001"
cwa_module.afdeling_02,"BROOD & BANKET",,"voedselcoop_7302","voedselcoop_8002"
cwa_module.afdeling_03,"KAAS & DELICATESSEN",,"voedselcoop_7303","voedselcoop_8003"
cwa_module.afdeling_04,"VLEES & VIS",,"voedselcoop_7304","voedselcoop_8004"
cwa_module.afdeling_05,"KOELVERS",,"voedselcoop_7305","voedselcoop_8005"
cwa_module.afdeling_06,"KRUIDENIERSWAREN",,"voedselcoop_7306","voedselcoop_8006"
cwa_module.afdeling_07,"NON-FOOD",,"voedselcoop_7307","voedselcoop_8007"
cwa_module.afdeling_08,"TRAITEUR - RESTAURANT",,"voedselcoop_7308","voedselcoop_8008"
cwa_module.afdeling_09,"STATIEGELD",,"voedselcoop_7309","voedselcoop_8009"
cwa_module.afdeling_10,"DIEPVRIES",,"voedselcoop_7310","voedselcoop_8010"
cwa_module.cbl_10105,"KOFFIE, CACAO, THEE",cwa_module.afdeling_06,"voedselcoop_7306","voedselcoop_8006"
cwa_module.cbl_10110,"HOUDBARE KOFFIEMELK, HOUDBARE KOFFIEROOM",cwa_module.afdeling_06,"voedselcoop_7306","voedselcoop_8006"
cwa_module.cbl_10115,SUIKER,cwa_module.afdeling_06,"voedselcoop_7306","voedselcoop_8006"
cwa_module.cbl_10120,RIJST EN DEEGWAREN HB,cwa_module.afdeling_06,"voedselcoop_7306","voedselcoop_8006"
cwa_module.cbl_10125,ONTBIJTPRODUCTEN,cwa_module.afdeling_06,"voedselcoop_7306","voedselcoop_8006"
cwa_module.cbl_10130,BAKPRODUCTEN EN DESSERTINGREDIËNTEN,cwa_module.afdeling_06,"voedselcoop_7306","voedselcoop_8006"
cwa_module.cbl_10135,"SOEPEN, BOUILLONS",cwa_module.afdeling_06,"voedselcoop_7306","voedselcoop_8006"
cwa_module.cbl_10140,"SAUZEN, MIXEN",cwa_module.afdeling_06,"voedselcoop_7306","voedselcoop_8006"
cwa_module.cbl_10145,"REFORMPRODUCTEN, DIEETPRODUCTEN",cwa_module.afdeling_06,"voedselcoop_7306","voedselcoop_8006"
cwa_module.cbl_10150,"BABYVOEDING, KINDERVOEDING",cwa_module.afdeling_06,"voedselcoop_7306","voedselcoop_8006"
cwa_module.cbl_10155,BOTERHAMBELEG,cwa_module.afdeling_06,"voedselcoop_7306","voedselcoop_8006"
cwa_module.cbl_10160,"KOEK, KOEKJES, BANKETSTUKSARTIKELEN",cwa_module.afdeling_06,"voedselcoop_7306","voedselcoop_8006"
cwa_module.cbl_10161,CHOCOLADE EN CHOCOLADEPRODUCTEN,cwa_module.afdeling_06,"voedselcoop_7306","voedselcoop_8006"
cwa_module.cbl_10162,SNOEP EN ZOETWAREN,cwa_module.afdeling_06,"voedselcoop_7306","voedselcoop_8006"
cwa_module.cbl_10165,"ZOUTJES, ONDERLEGGERS, NOTENBARPRODUCTEN",cwa_module.afdeling_06,"voedselcoop_7306","voedselcoop_8006"
cwa_module.cbl_10170,BIEREN,cwa_module.afdeling_06,"voedselcoop_7306","voedselcoop_8006"
cwa_module.cbl_10175,WIJNEN EN APERITIEVEN,cwa_module.afdeling_06,"voedselcoop_7306","voedselcoop_8006"
cwa_module.cbl_10180,NIET ALCOHOLHOUDENDE DRANKEN,cwa_module.afdeling_06,"voedselcoop_7306","voedselcoop_8006"
cwa_module.cbl_10220,RIJST EN DEEGWAREN SEMI SERS,cwa_module.afdeling_05,"voedselcoop_7305","voedselcoop_8005"
cwa_module.cbl_10265,"ZOUTJES, ONDERLEGGERS, NOTENBARPRODUCTEN SV",cwa_module.afdeling_06,"voedselcoop_7306","voedselcoop_8006"
cwa_module.cbl_10280,NIET-ALCOHOLHOUDENDE DRANKEN SV,cwa_module.afdeling_06,"voedselcoop_7306","voedselcoop_8006"
cwa_module.cbl_11105,HOUDBARE MELK,cwa_module.afdeling_06,"voedselcoop_7306","voedselcoop_8006"
cwa_module.cbl_11110,OVERIGE HOUDBARE ZUIVEL,cwa_module.afdeling_06,"voedselcoop_7306","voedselcoop_8006"
cwa_module.cbl_11205,EIEREN,cwa_module.afdeling_05,"voedselcoop_7305","voedselcoop_8005"
cwa_module.cbl_11210,DAGVERSE MELK,cwa_module.afdeling_05,"voedselcoop_7305","voedselcoop_8005"
cwa_module.cbl_11215,OVERIGE DAGVERSE ZUIVEL BULK,cwa_module.afdeling_05,"voedselcoop_7305","voedselcoop_8005"
cwa_module.cbl_11220,DAGVERSE ZUIVELSPECIALITEITEN,cwa_module.afdeling_05,"voedselcoop_7305","voedselcoop_8005"
cwa_module.cbl_11225,"GEELVETTEN, WITVETTEN",cwa_module.afdeling_05,"voedselcoop_7305","voedselcoop_8005"
cwa_module.cbl_11305,DIEPVRIES DESSERTS EN SAPPEN,cwa_module.afdeling_10,"voedselcoop_7310","voedselcoop_8010"
cwa_module.cbl_11310,IJS,cwa_module.afdeling_10,"voedselcoop_7310","voedselcoop_8010"
cwa_module.cbl_12205,NEDERLANDSE KAAS UITSNIJ,cwa_module.afdeling_03,"voedselcoop_7303","voedselcoop_8003"
cwa_module.cbl_12210,NEDERLANDSE KAAS VERPAKT,cwa_module.afdeling_03,"voedselcoop_7303","voedselcoop_8003"
cwa_module.cbl_12215,BUITENLANDSE SPECIALITEITEN UITSNIJ,cwa_module.afdeling_03,"voedselcoop_7303","voedselcoop_8003"
cwa_module.cbl_12220,BUITENLANDSE SPECIALITEITEN VERPAKT,cwa_module.afdeling_03,"voedselcoop_7303","voedselcoop_8003"
cwa_module.cbl_12225,OVERIGE SOORTEN VERPAKTE KAAS,cwa_module.afdeling_03,"voedselcoop_7303","voedselcoop_8003"
cwa_module.cbl_13105,AARDAPPELPRODUCTEN,cwa_module.afdeling_01,"voedselcoop_7301","voedselcoop_8001"
cwa_module.cbl_13110,GROENTECONSERVEN,cwa_module.afdeling_06,"voedselcoop_7306","voedselcoop_8006"
cwa_module.cbl_13115,VRUCHTENCONSERVEN,cwa_module.afdeling_06,"voedselcoop_7306","voedselcoop_8006"
cwa_module.cbl_13205,AARDAPPELEN,cwa_module.afdeling_01,"voedselcoop_7301","voedselcoop_8001"
cwa_module.cbl_13210,AARDAPPELPRODUCTEN,cwa_module.afdeling_01,"voedselcoop_7301","voedselcoop_8001"
cwa_module.cbl_13215,VERSE GROENTEN,cwa_module.afdeling_01,"voedselcoop_7301","voedselcoop_8001"
cwa_module.cbl_13220,VERS FRUIT,cwa_module.afdeling_01,"voedselcoop_7301","voedselcoop_8001"
cwa_module.cbl_13305,DIEPVRIES AARDAPPELPRODUCTEN,cwa_module.afdeling_10,"voedselcoop_7310","voedselcoop_8010"
cwa_module.cbl_13310,GROENTEPRODUCTEN,cwa_module.afdeling_10,"voedselcoop_7310","voedselcoop_8010"
cwa_module.cbl_14105,VLEESCONSERVEN,cwa_module.afdeling_06,"voedselcoop_7306","voedselcoop_8006"
cwa_module.cbl_14205,VERS VLEES,cwa_module.afdeling_04,"voedselcoop_7304","voedselcoop_8004"
cwa_module.cbl_14210,VERS GEVOGELTE,cwa_module.afdeling_04,"voedselcoop_7304","voedselcoop_8004"
cwa_module.cbl_14215,VERS WILD,cwa_module.afdeling_04,"voedselcoop_7304","voedselcoop_8004"
cwa_module.cbl_14305,"DIEPVRIES VLEES, WILD EN GEVOGELTE",cwa_module.afdeling_10,"voedselcoop_7310","voedselcoop_8010"
cwa_module.cbl_14310,VLEESSNACKS,cwa_module.afdeling_10,"voedselcoop_7310","voedselcoop_8010"
cwa_module.cbl_15105,VLEESWARENCONSERVEN,cwa_module.afdeling_06,"voedselcoop_7306","voedselcoop_8006"
cwa_module.cbl_15205,SNIJVERSE VLEESWAREN,cwa_module.afdeling_05,"voedselcoop_7305","voedselcoop_8005"
cwa_module.cbl_15210,VERPAKTE GESNEDEN VLEESWAREN,cwa_module.afdeling_05,"voedselcoop_7305","voedselcoop_8005"
cwa_module.cbl_15215,STUKS ARTIKELEN,cwa_module.afdeling_05,"voedselcoop_7305","voedselcoop_8005"
cwa_module.cbl_15220,SALADES EN SAUZEN,cwa_module.afdeling_05,"voedselcoop_7305","voedselcoop_8005"
cwa_module.cbl_16105,HOUDBARE VISPRODUCTEN,cwa_module.afdeling_06,"voedselcoop_7306","voedselcoop_8006"
cwa_module.cbl_16205,VERSE VIS,cwa_module.afdeling_04,"voedselcoop_7304","voedselcoop_8004"
cwa_module.cbl_16210,SCHAAL- EN SCHELPDIEREN,cwa_module.afdeling_04,"voedselcoop_7304","voedselcoop_8004"
cwa_module.cbl_16215,VERPAKTE VIS,cwa_module.afdeling_04,"voedselcoop_7304","voedselcoop_8004"
cwa_module.cbl_16220,VERPAKTE SCHAAL- EN SCHELPDIEREN,cwa_module.afdeling_04,"voedselcoop_7304","voedselcoop_8004"
cwa_module.cbl_16305,DIEPVRIES VIS,cwa_module.afdeling_10,"voedselcoop_7310","voedselcoop_8010"
cwa_module.cbl_16310,DIEPVRIES SCHAAL- EN SCHELPDIEREN,cwa_module.afdeling_10,"voedselcoop_7310","voedselcoop_8010"
cwa_module.cbl_17105,HOUDBAAR BROOD,cwa_module.afdeling_06,"voedselcoop_7306","voedselcoop_8006"
cwa_module.cbl_17110,BROODVERVANGERS,cwa_module.afdeling_06,"voedselcoop_7306","voedselcoop_8006"
cwa_module.cbl_17205,GROOT BROOD,cwa_module.afdeling_02,"voedselcoop_7302","voedselcoop_8002"
cwa_module.cbl_17210,KLEIN BROOD,cwa_module.afdeling_02,"voedselcoop_7302","voedselcoop_8002"
cwa_module.cbl_17213,HALFFABRIKAAT,cwa_module.afdeling_05,"voedselcoop_7305","voedselcoop_8005"
cwa_module.cbl_17215,SNACKS,cwa_module.afdeling_02,"voedselcoop_7302","voedselcoop_8002"
cwa_module.cbl_17220,STOKBROOD,cwa_module.afdeling_06,"voedselcoop_7306","voedselcoop_8006"
cwa_module.cbl_17225,SEIZOENSBROOD,cwa_module.afdeling_02,"voedselcoop_7302","voedselcoop_8002"
cwa_module.cbl_17230,GROOT GEBAK,cwa_module.afdeling_02,"voedselcoop_7302","voedselcoop_8002"
cwa_module.cbl_17235,KLEIN GEBAK,cwa_module.afdeling_02,"voedselcoop_7302","voedselcoop_8002"
cwa_module.cbl_17240,BANKET,cwa_module.afdeling_02,"voedselcoop_7302","voedselcoop_8002"
cwa_module.cbl_17305,DIEPVRIES BAKKERIJPRODUCTEN,cwa_module.afdeling_10,"voedselcoop_7310","voedselcoop_8010"
cwa_module.cbl_17310,GEBAK,cwa_module.afdeling_10,"voedselcoop_7310","voedselcoop_8010"
cwa_module.cbl_18105,HOUDBARE MAALTIJDEN,cwa_module.afdeling_06,"voedselcoop_7306","voedselcoop_8006"
cwa_module.cbl_18205,VERSE LUNCHPRODUCTEN,cwa_module.afdeling_05,"voedselcoop_7305","voedselcoop_8005"
cwa_module.cbl_18210,VERS DINERPRODUCTEN,cwa_module.afdeling_05,"voedselcoop_7305","voedselcoop_8005"
cwa_module.cbl_18305,DIEPVRIES MAALTIJDEN,cwa_module.afdeling_10,"voedselcoop_7310","voedselcoop_8010"
cwa_module.cbl_19105,HONDENVOER,cwa_module.afdeling_07,"voedselcoop_7307","voedselcoop_8007"
cwa_module.cbl_19110,KATTENVOER,cwa_module.afdeling_07,"voedselcoop_7307","voedselcoop_8007"
cwa_module.cbl_19115,OVERIG VOER,cwa_module.afdeling_07,"voedselcoop_7307","voedselcoop_8007"
cwa_module.cbl_19205,VERS DIERENVOER,cwa_module.afdeling_04,"voedselcoop_7304","voedselcoop_8004"
cwa_module.cbl_19305,DIEPVRIES DIERENVOER,cwa_module.afdeling_10,"voedselcoop_7310","voedselcoop_8010"
cwa_module.cbl_20105,TABAKSPRODUCTEN,cwa_module.afdeling_07,"voedselcoop_7307","voedselcoop_8007"
cwa_module.cbl_20110,HULPMIDDELEN,cwa_module.afdeling_07,"voedselcoop_7307","voedselcoop_8007"
cwa_module.cbl_21105,"LICHAAMSVERZORGING, MEDISCHE VERZORGING",cwa_module.afdeling_07,"voedselcoop_7307","voedselcoop_8007"
cwa_module.cbl_21110,PERIODEVERZORGING EN LUIERS,cwa_module.afdeling_07,"voedselcoop_7307","voedselcoop_8007"
cwa_module.cbl_21115,SANITAIRE PAPIERWAREN,cwa_module.afdeling_07,"voedselcoop_7307","voedselcoop_8007"
cwa_module.cbl_21120,ZAKDOEKJES,cwa_module.afdeling_07,"voedselcoop_7307","voedselcoop_8007"
cwa_module.cbl_22105,WAS- EN REINIGINGSMIDDELEN,cwa_module.afdeling_07,"voedselcoop_7307","voedselcoop_8007"
cwa_module.cbl_22110,POETSMIDDELEN,cwa_module.afdeling_07,"voedselcoop_7307","voedselcoop_8007"
cwa_module.cbl_23105,KANTOORBENODIGDHEDEN,cwa_module.afdeling_07,"voedselcoop_7307","voedselcoop_8007"
cwa_module.cbl_23110,WENSKAARTEN,cwa_module.afdeling_07,"voedselcoop_7307","voedselcoop_8007"
cwa_module.cbl_24105,DAGBLADEN,cwa_module.afdeling_07,"voedselcoop_7307","voedselcoop_8007"
cwa_module.cbl_24110,"TIJDSCHRIFTEN, OPINIEBLADEN",cwa_module.afdeling_07,"voedselcoop_7307","voedselcoop_8007"
cwa_module.cbl_24115,"BOEKEN, POCKETS",cwa_module.afdeling_07,"voedselcoop_7307","voedselcoop_8007"
cwa_module.cbl_25110,HUISHOUDELIJKE WAREN EN ONDERHOUDSMATERIAAL,cwa_module.afdeling_07,"voedselcoop_7307","voedselcoop_8007"
cwa_module.cbl_25120,BABYARTIKELEN,cwa_module.afdeling_07,"voedselcoop_7307","voedselcoop_8007"
cwa_module.cbl_25125,PANTY'S/NYLONS,cwa_module.afdeling_07,"voedselcoop_7307","voedselcoop_8007"
cwa_module.cbl_25130,SFEER EN VERLICHTING,cwa_module.afdeling_07,"voedselcoop_7307","voedselcoop_8007"
cwa_module.cbl_26105,BLOEMEN- EN PLANTVERZORGING,cwa_module.afdeling_07,"voedselcoop_7307","voedselcoop_8007"
cwa_module.cbl_26205,VERSE BLOEMEN EN PLANTEN,cwa_module.afdeling_07,"voedselcoop_7307","voedselcoop_8007"
cwa_module.cbl_27105,DIERENBENODIGDHEDEN,cwa_module.afdeling_07,"voedselcoop_7307","voedselcoop_8007"
cwa_module.cbl_28105,WINKELARTIKELEN,cwa_module.afdeling_07,"voedselcoop_7307","voedselcoop_8007"
cwa_module.cbl_28110,TEXTIEL,cwa_module.afdeling_07,"voedselcoop_7307","voedselcoop_8007"
cwa_module.cbl_28115,"FOTO, AUDIO, VIDEO",cwa_module.afdeling_07,"voedselcoop_7307","voedselcoop_8007"
cwa_module.cbl_28125,DIENSTEN EN SERVICES,cwa_module.afdeling_07,"voedselcoop_7307","voedselcoop_8007"
cwa_module.cbl_28130,OVERIG HUISHOUDELIJK ASSORTIMENT,cwa_module.afdeling_07,"voedselcoop_7307","voedselcoop_8007"
cwa_module.cbl_28150,VOEDINGSGEBONDEN OTC,cwa_module.afdeling_07,"voedselcoop_7307","voedselcoop_8007"
cwa_module.cbl_28155,"ARTIKELEN TEGEN AANDOENINGEN,  PREPARATEN",cwa_module.afdeling_07,"voedselcoop_7307","voedselcoop_8007"
cwa_module.cbl_28160,GEDRAGSBEINVLOEDENDE ARTIKELEN,cwa_module.afdeling_07,"voedselcoop_7307","voedselcoop_8007"
cwa_module.cbl_28165,"TESTEN, DIAGNOSTISCHE PRODUCTEN, MEETAPPARATUUR",cwa_module.afdeling_07,"voedselcoop_7307","voedselcoop_8007"
cwa_module.cbl_28195,OVERIG ASSORTIMENT,cwa_module.afdeling_07,"voedselcoop_7307","voedselcoop_8007"
cwa_module.cbl_29105,STERK ALCOHOLISCHE DRANKEN,cwa_module.afdeling_06,"voedselcoop_7306","voedselcoop_8006"
cwa_module.cbl_40000,WINKELMATERIAAL,cwa_module.afdeling_07,"voedselcoop_7307","voedselcoop_8007"
cwa_module.cbl_41000,STYLINGMATERIAAL,cwa_module.afdeling_07,"voedselcoop_7307","voedselcoop_8007"
cwa_module.cbl_42000,"KASSABENODIGDHEDEN, PRIJSBENODIGDHEDEN",cwa_module.afdeling_07,"voedselcoop_7307","voedselcoop_8007"
cwa_module.cbl_43000,"SCHOON- EN HYGIËNE ARTIKELEN",cwa_module.afdeling_07,"voedselcoop_7307","voedselcoop_8007"
cwa_module.cbl_1010505,KOFFIE,cwa_module.cbl_10105,"voedselcoop_7306","voedselcoop_8006"
cwa_module.cbl_1010506,KOFFIEPADS,cwa_module.cbl_10105,"voedselcoop_7306","voedselcoop_8006"
cwa_module.cbl_1010510,OPLOSKOFFIE,cwa_module.cbl_10105,"voedselcoop_7306","voedselcoop_8006"
cwa_module.cbl_1010512,NEW INSTANT OPLOSKOFFIE,cwa_module.cbl_10105,"voedselcoop_7306","voedselcoop_8006"
cwa_module.cbl_1010515,KOFFIESTROOP,cwa_module.cbl_10105,"voedselcoop_7306","voedselcoop_8006"
cwa_module.cbl_1010520,CACAO,cwa_module.cbl_10105,"voedselcoop_7306","voedselcoop_8006"
cwa_module.cbl_1010525,ANIJSBLOKJES,cwa_module.cbl_10105,"voedselcoop_7306","voedselcoop_8006"
cwa_module.cbl_1010530,THEE,cwa_module.cbl_10105,"voedselcoop_7306","voedselcoop_8006"
cwa_module.cbl_1011005,"KOFFIEMELK, KOFFIEROOM",cwa_module.cbl_10110,"voedselcoop_7306","voedselcoop_8006"
cwa_module.cbl_1011010,"KOFFIECREAMER, MELKPOEDER",cwa_module.cbl_10110,"voedselcoop_7306","voedselcoop_8006"
cwa_module.cbl_1011505,KRISTALSUIKER,cwa_module.cbl_10115,"voedselcoop_7306","voedselcoop_8006"
cwa_module.cbl_1011510,OVERIGE SUIKER,cwa_module.cbl_10115,"voedselcoop_7306","voedselcoop_8006"
cwa_module.cbl_1011515,ZOETMIDDELEN,cwa_module.cbl_10115,"voedselcoop_7306","voedselcoop_8006"
cwa_module.cbl_1011520,"SUIKERSTROOP, SCHENKSTROOP",cwa_module.cbl_10115,"voedselcoop_7306","voedselcoop_8006"
cwa_module.cbl_1012005,RIJST HB,cwa_module.cbl_10120,"voedselcoop_7306","voedselcoop_8006"
cwa_module.cbl_1012010,DEEGWAREN,cwa_module.cbl_10120,"voedselcoop_7306","voedselcoop_8006"
cwa_module.cbl_1012505,GEPLETTE GRAANPRODUCTEN,cwa_module.cbl_10125,"voedselcoop_7306","voedselcoop_8006"
cwa_module.cbl_1012510,CORNFLAKES,cwa_module.cbl_10125,"voedselcoop_7306","voedselcoop_8006"
cwa_module.cbl_1012515,MUESLI,cwa_module.cbl_10125,"voedselcoop_7306","voedselcoop_8006"
cwa_module.cbl_1013005,BLOEM EN TOEBEREIDE BLOEM,cwa_module.cbl_10130,"voedselcoop_7306","voedselcoop_8006"
cwa_module.cbl_1013010,"MIXEN VOOR TAART, GEBAK, CAKE, PIZZABODEM",cwa_module.cbl_10130,"voedselcoop_7306","voedselcoop_8006"
cwa_module.cbl_1013015,"MIX VOOR PANNENKOEK, POFFERTJES, OLIEBOLLEN",cwa_module.cbl_10130,"voedselcoop_7306","voedselcoop_8006"
cwa_module.cbl_1013020,BROODMIXEN,cwa_module.cbl_10130,"voedselcoop_7306","voedselcoop_8006"
cwa_module.cbl_1013025,BINDMIDDELEN,cwa_module.cbl_10130,"voedselcoop_7306","voedselcoop_8006"
cwa_module.cbl_1013030,DIVERSE BAKBENODIGDHEDEN,cwa_module.cbl_10130,"voedselcoop_7306","voedselcoop_8006"
cwa_module.cbl_1013035,"TAARTBODEMS, PIZZABODEMS",cwa_module.cbl_10130,"voedselcoop_7306","voedselcoop_8006"
cwa_module.cbl_1013040,VLAAIVULLINGEN,cwa_module.cbl_10130,"voedselcoop_7306","voedselcoop_8006"
cwa_module.cbl_1013045,PUDDINGPOEDER,cwa_module.cbl_10130,"voedselcoop_7306","voedselcoop_8006"
cwa_module.cbl_1013050,"PUDDINGSAUS, BESSENSAP",cwa_module.cbl_10130,"voedselcoop_7306","voedselcoop_8006"
cwa_module.cbl_1013055,TOPPINGS,cwa_module.cbl_10130,"voedselcoop_7306","voedselcoop_8006"
cwa_module.cbl_1013060,IJSPOEDER,cwa_module.cbl_10130,"voedselcoop_7306","voedselcoop_8006"
cwa_module.cbl_1013065,"GEDROOGDE VRUCHTEN, GEDROOGDE ZUIDVRUCHTEN",cwa_module.cbl_10130,"voedselcoop_7306","voedselcoop_8006"
cwa_module.cbl_1013506,"SOEPEN DROOG, PORTIE",cwa_module.cbl_10135,"voedselcoop_7306","voedselcoop_8006"
cwa_module.cbl_1013511,"SOEPEN DROOG, NIET PORTIE",cwa_module.cbl_10135,"voedselcoop_7306","voedselcoop_8006"
cwa_module.cbl_1013513,"SOEPEN NAT, PORTIE",cwa_module.cbl_10135,"voedselcoop_7306","voedselcoop_8006"
cwa_module.cbl_1013515,"SOEPEN NAT, NIET PORTIE",cwa_module.cbl_10135,"voedselcoop_7306","voedselcoop_8006"
cwa_module.cbl_1013520,BOUILLONS DROOG,cwa_module.cbl_10135,"voedselcoop_7306","voedselcoop_8006"
cwa_module.cbl_1013522,BOUILLONS NAT,cwa_module.cbl_10135,"voedselcoop_7306","voedselcoop_8006"
cwa_module.cbl_1013525,VERMICELLI,cwa_module.cbl_10135,"voedselcoop_7306","voedselcoop_8006"
cwa_module.cbl_1013530,SOEPSTENGELS EN CROUTONS,cwa_module.cbl_10135,"voedselcoop_7306","voedselcoop_8006"
cwa_module.cbl_1013535,SMAAKVERSTERKERS VOOR SOEP,cwa_module.cbl_10135,"voedselcoop_7306","voedselcoop_8006"
cwa_module.cbl_1014005,SMAAKMAKERS COMPONENT DROOG KOUD,cwa_module.cbl_10140,"voedselcoop_7306","voedselcoop_8006"
cwa_module.cbl_1014010,SMAAKMAKERS COMPONENT DROOG WARM,cwa_module.cbl_10140,"voedselcoop_7306","voedselcoop_8006"
cwa_module.cbl_1014015,SMAAKMAKERS COMPONENT NAT KOUD,cwa_module.cbl_10140,"voedselcoop_7306","voedselcoop_8006"
cwa_module.cbl_1014020,SMAAKMAKERS COMPONENT  NAT WARM,cwa_module.cbl_10140,"voedselcoop_7306","voedselcoop_8006"
cwa_module.cbl_1014025,SMAAKMAKERS COMPLEET DROOG WARM EN KOUD,cwa_module.cbl_10140,"voedselcoop_7306","voedselcoop_8006"
cwa_module.cbl_1014030,SMAAKMAKERS COMPLEET DROOG WARM EN KOUD OVERIG,cwa_module.cbl_10140,"voedselcoop_7306","voedselcoop_8006"
cwa_module.cbl_1014035,SLAVERSIERDERS (DROOG EN NAT),cwa_module.cbl_10140,"voedselcoop_7306","voedselcoop_8006"
cwa_module.cbl_1014040,OLIEN,cwa_module.cbl_10140,"voedselcoop_7306","voedselcoop_8006"
cwa_module.cbl_1014045,AZIJN,cwa_module.cbl_10140,"voedselcoop_7306","voedselcoop_8006"
cwa_module.cbl_1014050,ZUREN,cwa_module.cbl_10140,"voedselcoop_7306","voedselcoop_8006"
cwa_module.cbl_1014505,REFORMPRODUCTEN,cwa_module.cbl_10145,"voedselcoop_7306","voedselcoop_8006"
cwa_module.cbl_1014510,DIEETPRODUCTEN,cwa_module.cbl_10145,"voedselcoop_7306","voedselcoop_8006"
cwa_module.cbl_1015005,"KINDERKOEK, KINDERBISCUIT",cwa_module.cbl_10150,"voedselcoop_7306","voedselcoop_8006"
cwa_module.cbl_1015010,"FORMULEVOEDING, GRANENVOEDING",cwa_module.cbl_10150,"voedselcoop_7306","voedselcoop_8006"
cwa_module.cbl_1015015,"KINDERMAALTIJDEN, HAPPEN NAT",cwa_module.cbl_10150,"voedselcoop_7306","voedselcoop_8006"
cwa_module.cbl_1015020,"KINDERSIROPEN, DRANKEN",cwa_module.cbl_10150,"voedselcoop_7306","voedselcoop_8006"
cwa_module.cbl_1015505,JAM,cwa_module.cbl_10155,"voedselcoop_7306","voedselcoop_8006"
cwa_module.cbl_1015510,BOTERHAMSMEERSELS,cwa_module.cbl_10155,"voedselcoop_7306","voedselcoop_8006"
cwa_module.cbl_1015520,BOTERHAMSTROOISELS,cwa_module.cbl_10155,"voedselcoop_7306","voedselcoop_8006"
cwa_module.cbl_1015525,COCOSBROOD,cwa_module.cbl_10155,"voedselcoop_7306","voedselcoop_8006"
cwa_module.cbl_1016010,"KOEKJES, WAFELS EN BISCUITS",cwa_module.cbl_10160,"voedselcoop_7306","voedselcoop_8006"
cwa_module.cbl_1016015,"BANKET STUKSARTIKELEN, CAKE",cwa_module.cbl_10160,"voedselcoop_7306","voedselcoop_8006"
cwa_module.cbl_1016020,SEIZOENSARTIKELEN KOEK(JES),cwa_module.cbl_10160,"voedselcoop_7306","voedselcoop_8006"
cwa_module.cbl_1016025,TUSSENDOOR KOEK,cwa_module.cbl_10160,"voedselcoop_7306","voedselcoop_8006"
cwa_module.cbl_1016105,"CHOCOLADEPRODUCTEN, BONBONS, BITE SIZES",cwa_module.cbl_10161,"voedselcoop_7306","voedselcoop_8006"
cwa_module.cbl_1016110,CHOCOLADEREPEN EN TABLETTEN,cwa_module.cbl_10161,"voedselcoop_7306","voedselcoop_8006"
cwa_module.cbl_1016115,CANDYBARS,cwa_module.cbl_10161,"voedselcoop_7306","voedselcoop_8006"
cwa_module.cbl_1016120,SEIZOENSARTIKELEN CHOCOLADE,cwa_module.cbl_10161,"voedselcoop_7306","voedselcoop_8006"
cwa_module.cbl_1016205,"SNOEP, ZACHT SUIKERWERK",cwa_module.cbl_10162,"voedselcoop_7306","voedselcoop_8006"
cwa_module.cbl_1016210,KAUWGOM,cwa_module.cbl_10162,"voedselcoop_7306","voedselcoop_8006"
cwa_module.cbl_1016215,"DROP, HOESTARTIKELEN",cwa_module.cbl_10162,"voedselcoop_7306","voedselcoop_8006"
cwa_module.cbl_1016220,SEIZOENARTIKELEN SNOEP,cwa_module.cbl_10162,"voedselcoop_7306","voedselcoop_8006"
cwa_module.cbl_1016505,CHIPS,cwa_module.cbl_10165,"voedselcoop_7306","voedselcoop_8006"
cwa_module.cbl_1016510,ZOUTE BISCUITS EN KOEKJES,cwa_module.cbl_10165,"voedselcoop_7306","voedselcoop_8006"
cwa_module.cbl_1016515,COCKTAILSNACKS,cwa_module.cbl_10165,"voedselcoop_7306","voedselcoop_8006"
cwa_module.cbl_1016520,"VERPAKTE PINDA'S, VERPAKTE NOTEN",cwa_module.cbl_10165,"voedselcoop_7306","voedselcoop_8006"
cwa_module.cbl_1016530,"MELBA TOAST, TOASTJES, CRACKERS, CUPS",cwa_module.cbl_10165,"voedselcoop_7306","voedselcoop_8006"
cwa_module.cbl_1017005,"ALCOHOLVRIJ, ALCOHOLARM BIER",cwa_module.cbl_10170,"voedselcoop_7306","voedselcoop_8006"
cwa_module.cbl_1017010,PILSENERS,cwa_module.cbl_10170,"voedselcoop_7306","voedselcoop_8006"
cwa_module.cbl_1017015,SPECIAALBIEREN,cwa_module.cbl_10170,"voedselcoop_7306","voedselcoop_8006"
cwa_module.cbl_1017505,RODE WIJN,cwa_module.cbl_10175,"voedselcoop_7306","voedselcoop_8006"
cwa_module.cbl_1017510,WITTE WIJN,cwa_module.cbl_10175,"voedselcoop_7306","voedselcoop_8006"
cwa_module.cbl_1017515,ROSÃ© WIJNEN,cwa_module.cbl_10175,"voedselcoop_7306","voedselcoop_8006"
cwa_module.cbl_1017517,MOUSSERENDE WIJN,cwa_module.cbl_10175,"voedselcoop_7306","voedselcoop_8006"
cwa_module.cbl_1017520,SHERRY'S,cwa_module.cbl_10175,"voedselcoop_7306","voedselcoop_8006"
cwa_module.cbl_1017525,OVERIGE APERITIEVEN,cwa_module.cbl_10175,"voedselcoop_7306","voedselcoop_8006"
cwa_module.cbl_1017530,OVERIGE ALCOHOLHOUDENDE DRANKEN,cwa_module.cbl_10175,"voedselcoop_7306","voedselcoop_8006"
cwa_module.cbl_1017531,MIXDRANKEN,cwa_module.cbl_10175,"voedselcoop_7306","voedselcoop_8006"
cwa_module.cbl_1018002,COLA,cwa_module.cbl_10180,"voedselcoop_7306","voedselcoop_8006"
cwa_module.cbl_1018003,SINAS,cwa_module.cbl_10180,"voedselcoop_7306","voedselcoop_8006"
cwa_module.cbl_1018004,"LEMON, LIME",cwa_module.cbl_10180,"voedselcoop_7306","voedselcoop_8006"
cwa_module.cbl_1018005,OVERIGE FRISDRANKEN,cwa_module.cbl_10180,"voedselcoop_7306","voedselcoop_8006"
cwa_module.cbl_1018010,MINERAAL- EN BRONWATERS,cwa_module.cbl_10180,"voedselcoop_7306","voedselcoop_8006"
cwa_module.cbl_1018015,(VRUCHTEN)LIMONADESIROPEN EN -POEDERS,cwa_module.cbl_10180,"voedselcoop_7306","voedselcoop_8006"
cwa_module.cbl_1018020,"VRUCHTENSAPPEN, VRUCHTENDRANKEN, GROENTESAPPEN",cwa_module.cbl_10180,"voedselcoop_7306","voedselcoop_8006"
cwa_module.cbl_1018025,"C-SIROPEN, GECONCENTREERD VRUCHTENSAP",cwa_module.cbl_10180,"voedselcoop_7306","voedselcoop_8006"
cwa_module.cbl_1018030,SPORT- EN ENERGIEDRANKEN,cwa_module.cbl_10180,"voedselcoop_7306","voedselcoop_8006"
cwa_module.cbl_1018035,WEIDRANKEN MET VRUCHTEN,cwa_module.cbl_10180,"voedselcoop_7306","voedselcoop_8006"
cwa_module.cbl_1022005,RIJST SEMI VERS,cwa_module.cbl_10220,"voedselcoop_7305","voedselcoop_8005"
cwa_module.cbl_1022010,DEEGWAREN SEMI VERS,cwa_module.cbl_10220,"voedselcoop_7305","voedselcoop_8005"
cwa_module.cbl_1026525,NOTENBARPRODUCTEN SV,cwa_module.cbl_10265,"voedselcoop_7306","voedselcoop_8006"
cwa_module.cbl_1028020,VRUCHTENSAPPEN EN -DRANKEN / GROENTESAPPEN SV,cwa_module.cbl_10280,"voedselcoop_7306","voedselcoop_8006"
cwa_module.cbl_1110505,HOUDBARE MELK,cwa_module.cbl_11105,"voedselcoop_7306","voedselcoop_8006"
cwa_module.cbl_1111005,HOUDBARE DESSERTS,cwa_module.cbl_11110,"voedselcoop_7306","voedselcoop_8006"
cwa_module.cbl_1111010,HOUDBARE ROOMPRODUCTEN,cwa_module.cbl_11110,"voedselcoop_7306","voedselcoop_8006"
cwa_module.cbl_1111015,HOUDBARE ZUIVELDRINKS,cwa_module.cbl_11110,"voedselcoop_7306","voedselcoop_8006"
cwa_module.cbl_1111020,WATERGRUWEL,cwa_module.cbl_11110,"voedselcoop_7306","voedselcoop_8006"
cwa_module.cbl_1111025,SOYA DRINKS/DESSERTS,cwa_module.cbl_11110,"voedselcoop_7306","voedselcoop_8006"
cwa_module.cbl_1111030,CHOCOLADEDRANKEN,cwa_module.cbl_11110,"voedselcoop_7306","voedselcoop_8006"
cwa_module.cbl_1120505,EIEREN,cwa_module.cbl_11205,"voedselcoop_7305","voedselcoop_8005"
cwa_module.cbl_1121005,DAGVERSE MELK ,cwa_module.cbl_11210,"voedselcoop_7305","voedselcoop_8005"
cwa_module.cbl_1121006,DAGVERSE KARNEMELK,cwa_module.cbl_11210,"voedselcoop_7305","voedselcoop_8005"
cwa_module.cbl_1121010,DAGVERSE (KARNE-)MELKDRANKEN,cwa_module.cbl_11210,"voedselcoop_7305","voedselcoop_8005"
cwa_module.cbl_1121505,YOGHURT NATUREL (HOMOGEEN),cwa_module.cbl_11215,"voedselcoop_7305","voedselcoop_8005"
cwa_module.cbl_1121510,HOMOGENE VLA,cwa_module.cbl_11215,"voedselcoop_7305","voedselcoop_8005"
cwa_module.cbl_1121515,KWARK NATUREL,cwa_module.cbl_11215,"voedselcoop_7305","voedselcoop_8005"
cwa_module.cbl_1121520,PAPPEN,cwa_module.cbl_11215,"voedselcoop_7305","voedselcoop_8005"
cwa_module.cbl_1122005,YOGHURT MET TOEVOEGINGEN,cwa_module.cbl_11220,"voedselcoop_7305","voedselcoop_8005"
cwa_module.cbl_1122010,VLA MET TOEVOEGINGEN,cwa_module.cbl_11220,"voedselcoop_7305","voedselcoop_8005"
cwa_module.cbl_1122015,KWARK MET TOEVOEGINGEN,cwa_module.cbl_11220,"voedselcoop_7305","voedselcoop_8005"
cwa_module.cbl_1122020,PUDDING,cwa_module.cbl_11220,"voedselcoop_7305","voedselcoop_8005"
cwa_module.cbl_1122025,LUXE TOETJES / SPECIALITEITEN,cwa_module.cbl_11220,"voedselcoop_7305","voedselcoop_8005"
cwa_module.cbl_1122030,"SLAGROOM, ZURE ROOM, CREME FRAICHE",cwa_module.cbl_11220,"voedselcoop_7305","voedselcoop_8005"
cwa_module.cbl_1122035,ZUIVELDRANKEN,cwa_module.cbl_11220,"voedselcoop_7305","voedselcoop_8005"
cwa_module.cbl_1122505,BOTER,cwa_module.cbl_11225,"voedselcoop_7305","voedselcoop_8005"
cwa_module.cbl_1122510,MARGARINE,cwa_module.cbl_11225,"voedselcoop_7305","voedselcoop_8005"
cwa_module.cbl_1122515,BOTERMELANGE,cwa_module.cbl_11225,"voedselcoop_7305","voedselcoop_8005"
cwa_module.cbl_1122520,HALVARINE,cwa_module.cbl_11225,"voedselcoop_7305","voedselcoop_8005"
cwa_module.cbl_1122525,"BAKPRODUCTEN, BRAADPRODUCTEN",cwa_module.cbl_11225,"voedselcoop_7305","voedselcoop_8005"
cwa_module.cbl_1122535,FRITUURVET,cwa_module.cbl_11225,"voedselcoop_7305","voedselcoop_8005"
cwa_module.cbl_1130505,"DIEPVRIES PUDDING, DESSERTS",cwa_module.cbl_11305,"voedselcoop_7310","voedselcoop_8010"
cwa_module.cbl_1130510,DIEPVRIES GECONCENTREERDE VRUCHTEN/GROENTESAPPEN,cwa_module.cbl_11305,"voedselcoop_7310","voedselcoop_8010"
cwa_module.cbl_1131005,SCHEPIJS IN BAKKEN,cwa_module.cbl_11310,"voedselcoop_7310","voedselcoop_8010"
cwa_module.cbl_1131010,"HANDIJS, PORTIEIJS, IJSSNACKS",cwa_module.cbl_11310,"voedselcoop_7310","voedselcoop_8010"
cwa_module.cbl_1131020,IJSTAARTEN E.D.,cwa_module.cbl_11310,"voedselcoop_7310","voedselcoop_8010"
cwa_module.cbl_1220505,NEDERLANDSE KAAS UITSNIJ,cwa_module.cbl_12205,"voedselcoop_7303","voedselcoop_8003"
cwa_module.cbl_1221005,NEDERLANDSE KAAS VERPAKT ONGESNEDEN,cwa_module.cbl_12210,"voedselcoop_7303","voedselcoop_8003"
cwa_module.cbl_1221020,"NEDERLANDSE KAAS, VERPAKT, GESNEDEN EN BLOKJES",cwa_module.cbl_12210,"voedselcoop_7303","voedselcoop_8003"
cwa_module.cbl_1221505,BUITENLANDSE SPECIALITEITEN UITSNIJ,cwa_module.cbl_12215,"voedselcoop_7303","voedselcoop_8003"
cwa_module.cbl_1222005,"BUITENLANDSE SPECIALITEITEN, VERPAKT",cwa_module.cbl_12220,"voedselcoop_7303","voedselcoop_8003"
cwa_module.cbl_1222505,GERASPTE KAAS VERPAKT,cwa_module.cbl_12225,"voedselcoop_7303","voedselcoop_8003"
cwa_module.cbl_1222515,SMEERKAAS / KAASSPREAD/ DIPPERS,cwa_module.cbl_12225,"voedselcoop_7303","voedselcoop_8003"
cwa_module.cbl_1310505,AARDAPPELPUREE,cwa_module.afdeling_06,"voedselcoop_7306","voedselcoop_8006"
cwa_module.cbl_1311005,GLASCONSERVEN,cwa_module.cbl_13110,"voedselcoop_7306","voedselcoop_8006"
cwa_module.cbl_1311010,BLIKCONSERVEN,cwa_module.cbl_13110,"voedselcoop_7306","voedselcoop_8006"
cwa_module.cbl_1311015,APPELMOES,cwa_module.cbl_13110,"voedselcoop_7306","voedselcoop_8006"
cwa_module.cbl_1311020,GEDROOGDE PEULVRUCHTEN / GROENTEN,cwa_module.cbl_13110,"voedselcoop_7306","voedselcoop_8006"
cwa_module.cbl_1311030,TOMATEN,cwa_module.cbl_13110,"voedselcoop_7306","voedselcoop_8006"
cwa_module.cbl_1311031,TOMATENPUREE,cwa_module.cbl_13110,"voedselcoop_7306","voedselcoop_8006"
cwa_module.cbl_1311035,OLIJVEN HOUDBAAR,cwa_module.cbl_13110,"voedselcoop_7306","voedselcoop_8006"
cwa_module.cbl_1311505,VRUCHTENCONSERVEN IN GLAS,cwa_module.cbl_13115,"voedselcoop_7306","voedselcoop_8006"
cwa_module.cbl_1311510,VRUCHTENCONSERVEN IN BLIK,cwa_module.cbl_13115,"voedselcoop_7306","voedselcoop_8006"
cwa_module.cbl_1320505,ONBEWERKTE AARDAPPELEN,cwa_module.cbl_13205,"voedselcoop_7301","voedselcoop_8001"
cwa_module.cbl_1320510,GESCHILDE AARDAPPEL,cwa_module.cbl_13205,"voedselcoop_7301","voedselcoop_8001"
cwa_module.cbl_1321005,VERSE FRITES,cwa_module.cbl_13210,"voedselcoop_7301","voedselcoop_8001"
cwa_module.cbl_1321010,K&K AARDAPPELPRODUCTEN NATUREL,cwa_module.cbl_13210,"voedselcoop_7301","voedselcoop_8001"
cwa_module.cbl_1321020,K&K AARDAPPELPRODUCTEN MET TOEVOEGINGEN,cwa_module.cbl_13210,"voedselcoop_7301","voedselcoop_8001"
cwa_module.cbl_1321505,GROENTEN ONBEWERKT,cwa_module.cbl_13215,"voedselcoop_7301","voedselcoop_8001"
cwa_module.cbl_1321510,"KOMKOMMER, UIEN, KNOFLOOK, CHAMPIGNONS, PAPRIKA'S",cwa_module.cbl_13215,"voedselcoop_7301","voedselcoop_8001"
cwa_module.cbl_1321515,VERSE KRUIDEN EN KRUIDEN OP NAT,cwa_module.cbl_13215,"voedselcoop_7301","voedselcoop_8001"
cwa_module.cbl_1321520,BEWERKTE GROENTEN,cwa_module.cbl_13215,"voedselcoop_7301","voedselcoop_8001"
cwa_module.cbl_1321525,GEMENGDE VERSE GROENTEN,cwa_module.cbl_13215,"voedselcoop_7301","voedselcoop_8001"
cwa_module.cbl_1321530,"TAHOE, TEMPEH, TOFU",cwa_module.cbl_13215,"voedselcoop_7301","voedselcoop_8001"
cwa_module.cbl_1321535,"OLIJVEN, POMMODORI, PEPPERONI",cwa_module.cbl_13215,"voedselcoop_7301","voedselcoop_8001"
cwa_module.cbl_1322005,HARD FRUIT,cwa_module.cbl_13220,"voedselcoop_7301","voedselcoop_8001"
cwa_module.cbl_1322010,ZACHT FRUIT,cwa_module.cbl_13220,"voedselcoop_7301","voedselcoop_8001"
cwa_module.cbl_1322015,CITRUSVRUCHTEN,cwa_module.cbl_13220,"voedselcoop_7301","voedselcoop_8001"
cwa_module.cbl_1322020,EXOTEN,cwa_module.cbl_13220,"voedselcoop_7301","voedselcoop_8001"
cwa_module.cbl_1322025,BESSEN,cwa_module.cbl_13220,"voedselcoop_7301","voedselcoop_8001"
cwa_module.cbl_1322030,FRUITMANDEN,cwa_module.cbl_13220,"voedselcoop_7301","voedselcoop_8001"
cwa_module.cbl_1322035,VERSE NOTEN,cwa_module.cbl_13220,"voedselcoop_7301","voedselcoop_8001"
cwa_module.cbl_1322040,K&K VERS FRUIT,cwa_module.cbl_13220,"voedselcoop_7301","voedselcoop_8001"
cwa_module.cbl_1330505,FRITES,cwa_module.cbl_13305,"voedselcoop_7310","voedselcoop_8010"
cwa_module.cbl_1330510,OVERIGE ENKELVOUDIGE AARDAPPELPRODUCTEN,cwa_module.cbl_13305,"voedselcoop_7310","voedselcoop_8010"
cwa_module.cbl_1331005,ENKELVOUDIGE EN SAMENGESTELDE GROENTEN,cwa_module.cbl_13310,"voedselcoop_7310","voedselcoop_8010"
cwa_module.cbl_1331010,SOEPGROENTEN,cwa_module.cbl_13310,"voedselcoop_7310","voedselcoop_8010"
cwa_module.cbl_1331015,KRUIDEN,cwa_module.cbl_13310,"voedselcoop_7310","voedselcoop_8010"
cwa_module.cbl_1331020,FRUIT EN VRUCHTENMELANGE,cwa_module.cbl_13310,"voedselcoop_7310","voedselcoop_8010"
cwa_module.cbl_1410505,VLEESCONSERVEN GLAS,cwa_module.cbl_14105,"voedselcoop_7306","voedselcoop_8006"
cwa_module.cbl_1410510,VLEESCONSERVEN BLIK,cwa_module.cbl_14105,"voedselcoop_7306","voedselcoop_8006"
cwa_module.cbl_1410515,VLEES IN FOLIE/PLASTIC PAKKEN,cwa_module.cbl_14105,"voedselcoop_7306","voedselcoop_8006"
cwa_module.cbl_1410520,ROOKWORST VERPAKT,cwa_module.cbl_14105,"voedselcoop_7306","voedselcoop_8006"
cwa_module.cbl_1410525,VACUUM KIP,cwa_module.cbl_14105,"voedselcoop_7306","voedselcoop_8006"
cwa_module.cbl_1410530,VEGETARISCHE VLEESVERVANGERS,cwa_module.cbl_14105,"voedselcoop_7306","voedselcoop_8006"
cwa_module.cbl_1420505,VARKENSVLEES,cwa_module.cbl_14205,"voedselcoop_7306","voedselcoop_8006"
cwa_module.cbl_1420506,VARKENSVLEES PANKLAAR,cwa_module.cbl_14205,"voedselcoop_7306","voedselcoop_8006"
cwa_module.cbl_1420510,RUNDVLEES,cwa_module.cbl_14205,"voedselcoop_7306","voedselcoop_8006"
cwa_module.cbl_1420511,RUNDVLEES PANKLAAR,cwa_module.cbl_14205,"voedselcoop_7306","voedselcoop_8006"
cwa_module.cbl_1420515,PAARDENVLEES,cwa_module.cbl_14205,"voedselcoop_7306","voedselcoop_8006"
cwa_module.cbl_1420520,KALFSVLEES,cwa_module.cbl_14205,"voedselcoop_7306","voedselcoop_8006"
cwa_module.cbl_1420525,"LAMSVLEES, SCHAPENVLEES",cwa_module.cbl_14205,"voedselcoop_7306","voedselcoop_8006"
cwa_module.cbl_1420530,GEDRAAIDE VLEESPRODUCTEN,cwa_module.cbl_14205,"voedselcoop_7306","voedselcoop_8006"
cwa_module.cbl_1420535,BGF-PAKKETTEN,cwa_module.cbl_14205,"voedselcoop_7306","voedselcoop_8006"
cwa_module.cbl_1420540,OVERIG PANKLAAR VLEES,cwa_module.cbl_14205,"voedselcoop_7306","voedselcoop_8006"
cwa_module.cbl_1420545,VERSE  ROOKWORST,cwa_module.cbl_14205,"voedselcoop_7306","voedselcoop_8006"
cwa_module.cbl_1420550,VEGETARISCHE VLEESVERVANGERS,cwa_module.afdeling_05,"voedselcoop_7305","voedselcoop_8005"
cwa_module.cbl_1420551,VEGETARISCHE VLEESVERVANGERS PANKLAAR,cwa_module.afdeling_05,"voedselcoop_7305","voedselcoop_8005"
cwa_module.cbl_1421005,KIP,cwa_module.cbl_14210,"voedselcoop_7304","voedselcoop_8004"
cwa_module.cbl_1421006,KIP PANKLAAR,cwa_module.cbl_14210,"voedselcoop_7304","voedselcoop_8004"
cwa_module.cbl_1421010,KALKOEN,cwa_module.cbl_14210,"voedselcoop_7304","voedselcoop_8004"
cwa_module.cbl_1421011,KALKOEN PANKLAAR,cwa_module.cbl_14210,"voedselcoop_7304","voedselcoop_8004"
cwa_module.cbl_1421015,OVERIG GEVOGELTE,cwa_module.cbl_14210,"voedselcoop_7304","voedselcoop_8004"
cwa_module.cbl_1421020,OVERIG PANKLAAR GEVOGELTE,cwa_module.cbl_14210,"voedselcoop_7304","voedselcoop_8004"
cwa_module.cbl_1421505,"HAAS,KONIJN",cwa_module.cbl_14215,"voedselcoop_7304","voedselcoop_8004"
cwa_module.cbl_1421510,OVERIG WILD,cwa_module.cbl_14215,"voedselcoop_7304","voedselcoop_8004"
cwa_module.cbl_1430505,KIP EN ANDER GEVOGELTE,cwa_module.cbl_14305,"voedselcoop_7310","voedselcoop_8010"
cwa_module.cbl_1430510,WILD,cwa_module.cbl_14305,"voedselcoop_7310","voedselcoop_8010"
cwa_module.cbl_1430515,VLEES / TOEBEREID VLEES,cwa_module.cbl_14305,"voedselcoop_7310","voedselcoop_8010"
cwa_module.cbl_1430520,VEGETARISCHE VLEESVERVANGERS,cwa_module.cbl_14305,"voedselcoop_7310","voedselcoop_8010"
cwa_module.cbl_1431005,SATEH,cwa_module.cbl_14310,"voedselcoop_7310","voedselcoop_8010"
cwa_module.cbl_1431015,"HAMBURGERS, FRIKADELLEN",cwa_module.cbl_14310,"voedselcoop_7310","voedselcoop_8010"
cwa_module.cbl_1431020,"KROKETTEN, BITTERBALLEN",cwa_module.cbl_14310,"voedselcoop_7310","voedselcoop_8010"
cwa_module.cbl_1431025,GEVOGELTE SNACKS,cwa_module.cbl_14310,"voedselcoop_7310","voedselcoop_8010"
cwa_module.cbl_1431030,DIEPVRIES OVERIGE SNACKS / SPECIALITEITEN,cwa_module.cbl_14310,"voedselcoop_7310","voedselcoop_8010"
cwa_module.cbl_1510505,VLEESWARENCONSERVEN,cwa_module.cbl_15105,"voedselcoop_7306","voedselcoop_8006"
cwa_module.cbl_1520505,LEVERPRODUCTEN SNIJVERS,cwa_module.cbl_15205,"voedselcoop_7305","voedselcoop_8005"
cwa_module.cbl_1520510,PATE'S SNIJVERS,cwa_module.cbl_15205,"voedselcoop_7305","voedselcoop_8005"
cwa_module.cbl_1520515,HAM SNIJVERS,cwa_module.cbl_15205,"voedselcoop_7305","voedselcoop_8005"
cwa_module.cbl_1520520,ROOKVLEES EN ROSBIEF SNIJVERS,cwa_module.cbl_15205,"voedselcoop_7305","voedselcoop_8005"
cwa_module.cbl_1520525,"RIBSOORT SNIJVERS, SPEKSOORT SNIJVERS",cwa_module.cbl_15205,"voedselcoop_7305","voedselcoop_8005"
cwa_module.cbl_1520530,"KIPPRODUCTEN SNIJVERS, KALKOENPRODUCTEN SNIJVERS",cwa_module.cbl_15205,"voedselcoop_7305","voedselcoop_8005"
cwa_module.cbl_1520535,DROGE EN GEKOOKTE WORST SNIJVERS,cwa_module.cbl_15205,"voedselcoop_7305","voedselcoop_8005"
cwa_module.cbl_1520540,VEGETARISCHE VLEESWAREN SNIJVERS,cwa_module.cbl_15205,"voedselcoop_7305","voedselcoop_8005"
cwa_module.cbl_1521005,VERPAKTE LEVERPRODUCTEN,cwa_module.cbl_15210,"voedselcoop_7305","voedselcoop_8005"
cwa_module.cbl_1521015,VERPAKTE HAM,cwa_module.cbl_15210,"voedselcoop_7305","voedselcoop_8005"
cwa_module.cbl_1521020,VERPAKTE ROOKVLEES/ROSBIEF,cwa_module.cbl_15210,"voedselcoop_7305","voedselcoop_8005"
cwa_module.cbl_1521025,VERPAKTE RIBSOORTEN EN SPEKSOORTEN,cwa_module.cbl_15210,"voedselcoop_7305","voedselcoop_8005"
cwa_module.cbl_1521030,VERPAKTE KIPPRODUCTEN EN KALKOENPRODUCTEN,cwa_module.cbl_15210,"voedselcoop_7305","voedselcoop_8005"
cwa_module.cbl_1521035,VERPAKTE DROGE EN GEKOOKTE WORST,cwa_module.cbl_15210,"voedselcoop_7305","voedselcoop_8005"
cwa_module.cbl_1521040,VERPAKTE VEGETARISCHE VLEESWAREN ,cwa_module.cbl_15210,"voedselcoop_7305","voedselcoop_8005"
cwa_module.cbl_1521505,LEVERWORST,cwa_module.cbl_15215,"voedselcoop_7305","voedselcoop_8005"
cwa_module.cbl_1521510,THEEWORST,cwa_module.cbl_15215,"voedselcoop_7305","voedselcoop_8005"
cwa_module.cbl_1521515,DROGE EN GEKOOKTE WORST,cwa_module.cbl_15215,"voedselcoop_7305","voedselcoop_8005"
cwa_module.cbl_1521520,ZURE ZULT,cwa_module.cbl_15215,"voedselcoop_7305","voedselcoop_8005"
cwa_module.cbl_1521525,BORRELHAPJES,cwa_module.cbl_15215,"voedselcoop_7305","voedselcoop_8005"
cwa_module.cbl_1521530,FILET AMERICAIN,cwa_module.cbl_15215,"voedselcoop_7305","voedselcoop_8005"
cwa_module.cbl_1521535,PATE,cwa_module.cbl_15215,"voedselcoop_7305","voedselcoop_8005"
cwa_module.cbl_1522005,SCHEPSALADES LOS,cwa_module.cbl_15220,"voedselcoop_7305","voedselcoop_8005"
cwa_module.cbl_1522010,VERPAKTE SALADES,cwa_module.cbl_15220,"voedselcoop_7305","voedselcoop_8005"
cwa_module.cbl_1522015,SAUZEN LOS,cwa_module.cbl_15220,"voedselcoop_7305","voedselcoop_8005"
cwa_module.cbl_1522020,SAUZEN VERPAKT,cwa_module.cbl_15220,"voedselcoop_7305","voedselcoop_8005"
cwa_module.cbl_1610505,"VIS, SCHAAL- EN SCHELPDIEREN IN BLIK",cwa_module.cbl_16105,"voedselcoop_7306","voedselcoop_8006"
cwa_module.cbl_1610510,VISPRODUCTEN IN TUBE,cwa_module.cbl_16105,"voedselcoop_7306","voedselcoop_8006"
cwa_module.cbl_1610515,"VIS, SCHAAL- EN SCHELPDIEREN IN GLAS",cwa_module.cbl_16105,"voedselcoop_7306","voedselcoop_8006"
cwa_module.cbl_1620505,"VERSE VIS, ONBEWERKT, GEFILEERD, GEROOKT, GEDROOGD",cwa_module.cbl_16205,"voedselcoop_7304","voedselcoop_8004"
cwa_module.cbl_1620510,GEBAKKEN / GEFRITUURDE VIS,cwa_module.cbl_16205,"voedselcoop_7304","voedselcoop_8004"
cwa_module.cbl_1620515,MAATJESHARING,cwa_module.cbl_16205,"voedselcoop_7304","voedselcoop_8004"
cwa_module.cbl_1621005,SCHAAL- EN SCHELPDIEREN,cwa_module.cbl_16210,"voedselcoop_7304","voedselcoop_8004"
cwa_module.cbl_1621505,VERPAKTE VIS NIET IN GLAS,cwa_module.cbl_16215,"voedselcoop_7304","voedselcoop_8004"
cwa_module.cbl_1621510,OVERIGE VIS IN GLAS,cwa_module.cbl_16215,"voedselcoop_7304","voedselcoop_8004"
cwa_module.cbl_1621515,HARING IN GLAS OF EMMER,cwa_module.cbl_16215,"voedselcoop_7304","voedselcoop_8004"
cwa_module.cbl_1622005,VERPAKTE SCHAAL- EN SCHELPDIEREN,cwa_module.cbl_16220,"voedselcoop_7304","voedselcoop_8004"
cwa_module.cbl_1630505,VIS NATUREL / TOEBEREID,cwa_module.cbl_16305,"voedselcoop_7310","voedselcoop_8010"
cwa_module.cbl_1630510,GECOATE VIS,cwa_module.cbl_16305,"voedselcoop_7310","voedselcoop_8010"
cwa_module.cbl_1630515,DIEPVRIES MAATJESHARNG,cwa_module.cbl_16305,"voedselcoop_7310","voedselcoop_8010"
cwa_module.cbl_1631005,SCHAAL EN SCHELPDIEREN,cwa_module.cbl_16310,"voedselcoop_7310","voedselcoop_8010"
cwa_module.cbl_1710505,ROGGEBROOD,cwa_module.cbl_17105,"voedselcoop_7306","voedselcoop_8006"
cwa_module.cbl_1710510,BUITENLANDS/HOUDBAAR  BROOD,cwa_module.cbl_17105,"voedselcoop_7306","voedselcoop_8006"
cwa_module.cbl_1710515,HALFFABRIKATEN,cwa_module.cbl_17105,"voedselcoop_7306","voedselcoop_8006"
cwa_module.cbl_1711005,BESCHUIT,cwa_module.cbl_17110,"voedselcoop_7306","voedselcoop_8006"
cwa_module.cbl_1711010,GEPOFTE RIJSTWAFELS,cwa_module.cbl_17110,"voedselcoop_7306","voedselcoop_8006"
cwa_module.cbl_1711015,KNÃ€CKEBRÃ¶D,cwa_module.cbl_17110,"voedselcoop_7306","voedselcoop_8006"
cwa_module.cbl_1711020,GEROOSTERD BROOD / CRACKERS GROOT,cwa_module.cbl_17110,"voedselcoop_7306","voedselcoop_8006"
cwa_module.cbl_1711025,ONTBIJTKOEK,cwa_module.cbl_17110,"voedselcoop_7306","voedselcoop_8006"
cwa_module.cbl_1720505,WIT BROOD,cwa_module.cbl_17205,"voedselcoop_7302","voedselcoop_8002"
cwa_module.cbl_1720510,BRUIN BROOD,cwa_module.cbl_17205,"voedselcoop_7302","voedselcoop_8002"
cwa_module.cbl_1720515,VOLKORENBROOD,cwa_module.cbl_17205,"voedselcoop_7302","voedselcoop_8002"
cwa_module.cbl_1720520,MEERGRANENBROOD,cwa_module.cbl_17205,"voedselcoop_7302","voedselcoop_8002"
cwa_module.cbl_1720530,GEVULD BROOD,cwa_module.cbl_17205,"voedselcoop_7302","voedselcoop_8002"
cwa_module.cbl_1721005,KLEIN WITBROOD,cwa_module.cbl_17210,"voedselcoop_7302","voedselcoop_8002"
cwa_module.cbl_1721010,KLEIN BRUINBROOD,cwa_module.cbl_17210,"voedselcoop_7302","voedselcoop_8002"
cwa_module.cbl_1721015,KLEIN BROOD VOLKOREN EN MEERGRANEN,cwa_module.cbl_17210,"voedselcoop_7302","voedselcoop_8002"
cwa_module.cbl_1721020,KLEIN BROOD GEVULD,cwa_module.cbl_17210,"voedselcoop_7302","voedselcoop_8002"
cwa_module.cbl_1721315,HALFFABRIKAAT VERS GEKOELD ,cwa_module.cbl_17213,"voedselcoop_7305","voedselcoop_8005"
cwa_module.cbl_1721505,HARTIGE SNACKS,cwa_module.cbl_17215,"voedselcoop_7302","voedselcoop_8002"
cwa_module.cbl_1721510,ZOETE SNACKS,cwa_module.cbl_17215,"voedselcoop_7302","voedselcoop_8002"
cwa_module.cbl_1721515,BROODSNACKS GROOT,cwa_module.cbl_17215,"voedselcoop_7302","voedselcoop_8002"
cwa_module.cbl_1722005,STOKBROOD,cwa_module.cbl_17220,"voedselcoop_7306","voedselcoop_8006"
cwa_module.cbl_1722010,GEKOELDE HALFFABRIKATEN GROOT,cwa_module.cbl_17220,"voedselcoop_7306","voedselcoop_8006"
cwa_module.cbl_1722505,SEIZOENSBROOD,cwa_module.cbl_17225,"voedselcoop_7302","voedselcoop_8002"
cwa_module.cbl_1723005,TAARTEN EN SCHNITTES,cwa_module.cbl_17230,"voedselcoop_7302","voedselcoop_8002"
cwa_module.cbl_1723010,VLAAIEN,cwa_module.cbl_17230,"voedselcoop_7302","voedselcoop_8002"
cwa_module.cbl_1723505,KLEIN GEBAK,cwa_module.cbl_17235,"voedselcoop_7302","voedselcoop_8002"
cwa_module.cbl_1724005,BANKET,cwa_module.cbl_17240,"voedselcoop_7302","voedselcoop_8002"
cwa_module.cbl_1730505,BLADERDEEG,cwa_module.cbl_17305,"voedselcoop_7310","voedselcoop_8010"
cwa_module.cbl_1731005,GROOT GEBAK,cwa_module.cbl_17310,"voedselcoop_7310","voedselcoop_8010"
cwa_module.cbl_1731010,KLEIN GEBAK,cwa_module.cbl_17310,"voedselcoop_7310","voedselcoop_8010"
cwa_module.cbl_1810510,BUITENLANDSE MAALTIJDEN,cwa_module.cbl_18105,"voedselcoop_7306","voedselcoop_8006"
cwa_module.cbl_1810515,BINNENLANDSE MAALTIJDEN,cwa_module.cbl_18105,"voedselcoop_7306","voedselcoop_8006"
cwa_module.cbl_1810520,MAALTIJDCOMPONENTEN,cwa_module.cbl_18105,"voedselcoop_7306","voedselcoop_8006"
cwa_module.cbl_1820505,BELEGD BROODJE/SANDWICH,cwa_module.cbl_18205,"voedselcoop_7305","voedselcoop_8005"
cwa_module.cbl_1821005,BINNENLANDSE MAALTIJDEN,cwa_module.cbl_18210,"voedselcoop_7305","voedselcoop_8005"
cwa_module.cbl_1821010,BUITENLANDSE MAALTIJDEN,cwa_module.cbl_18210,"voedselcoop_7305","voedselcoop_8005"
cwa_module.cbl_1821015,(MAALTIJD)SOEPEN,cwa_module.cbl_18210,"voedselcoop_7305","voedselcoop_8005"
cwa_module.cbl_1821020,PIZZA,cwa_module.cbl_18210,"voedselcoop_7305","voedselcoop_8005"
cwa_module.cbl_1821025,MAALTIJDCOMPONENTEN / TRAITEURACHTIGE PRODUCTEN,cwa_module.cbl_18210,"voedselcoop_7305","voedselcoop_8005"
cwa_module.cbl_1830505,DIEPVRIES (MAALTIJD)SOEPEN,cwa_module.cbl_18305,"voedselcoop_7310","voedselcoop_8010"
cwa_module.cbl_1830510,K&K DIEPVRIESMENU'S,cwa_module.cbl_18305,"voedselcoop_7310","voedselcoop_8010"
cwa_module.cbl_1830515,PIZZA'S,cwa_module.cbl_18305,"voedselcoop_7310","voedselcoop_8010"
cwa_module.cbl_1830520,MAALTIJDCOMPONENTEN,cwa_module.cbl_18305,"voedselcoop_7310","voedselcoop_8010"
cwa_module.cbl_1830525,TRAITEURACHTIGE PRODUCTEN,cwa_module.cbl_18305,"voedselcoop_7310","voedselcoop_8010"
cwa_module.cbl_1910505,DROOG HONDENVOER,cwa_module.cbl_19105,"voedselcoop_7307","voedselcoop_8007"
cwa_module.cbl_1910510,NAT HONDENVOER,cwa_module.cbl_19105,"voedselcoop_7307","voedselcoop_8007"
cwa_module.cbl_1910515,SNACKS VOOR HONDEN,cwa_module.cbl_19105,"voedselcoop_7307","voedselcoop_8007"
cwa_module.cbl_1911005,DROOG KATTENVOER,cwa_module.cbl_19110,"voedselcoop_7307","voedselcoop_8007"
cwa_module.cbl_1911010,NAT KATTENVOER,cwa_module.cbl_19110,"voedselcoop_7307","voedselcoop_8007"
cwa_module.cbl_1911015,SNACKS VOOR KATTEN,cwa_module.cbl_19110,"voedselcoop_7307","voedselcoop_8007"
cwa_module.cbl_1911505,VOGELVOER,cwa_module.cbl_19115,"voedselcoop_7307","voedselcoop_8007"
cwa_module.cbl_1911510,KNAAGDIERVOER,cwa_module.cbl_19115,"voedselcoop_7307","voedselcoop_8007"
cwa_module.cbl_1911515,VISVOER,cwa_module.cbl_19115,"voedselcoop_7307","voedselcoop_8007"
cwa_module.cbl_1920505,ORGAANVLEES VERS,cwa_module.cbl_19205,"voedselcoop_7304","voedselcoop_8004"
cwa_module.cbl_1930505,"ORGAANVLEES, DIEPVRIES",cwa_module.cbl_19305,"voedselcoop_7310","voedselcoop_8010"
cwa_module.cbl_2010505,SIGARETTEN,cwa_module.cbl_20105,"voedselcoop_7307","voedselcoop_8007"
cwa_module.cbl_2010510,SIGAREN,cwa_module.cbl_20105,"voedselcoop_7307","voedselcoop_8007"
cwa_module.cbl_2010515,SHAG,cwa_module.cbl_20105,"voedselcoop_7307","voedselcoop_8007"
cwa_module.cbl_2010520,PIJPTABAK,cwa_module.cbl_20105,"voedselcoop_7307","voedselcoop_8007"
cwa_module.cbl_2011005,VLOEI,cwa_module.cbl_20110,"voedselcoop_7307","voedselcoop_8007"
cwa_module.cbl_2011010,HULZEN/FILTERS,cwa_module.cbl_20110,"voedselcoop_7307","voedselcoop_8007"
cwa_module.cbl_2011015,AANSTEKERS,cwa_module.cbl_20110,"voedselcoop_7307","voedselcoop_8007"
cwa_module.cbl_2110505,"TOILETZEEP, BADZEEP, DOUCHESCHUIM",cwa_module.cbl_21105,"voedselcoop_7307","voedselcoop_8007"
cwa_module.cbl_2110510,VERZORGENDE COSMETICA,cwa_module.cbl_21105,"voedselcoop_7307","voedselcoop_8007"
cwa_module.cbl_2110511,DEODORANTS,cwa_module.cbl_21105,"voedselcoop_7307","voedselcoop_8007"
cwa_module.cbl_2110512,DAMES EN HERENGEUREN,cwa_module.cbl_21105,"voedselcoop_7307","voedselcoop_8007"
cwa_module.cbl_2110513,ONTHARINGSPRODUCTEN,cwa_module.cbl_21105,"voedselcoop_7307","voedselcoop_8007"
cwa_module.cbl_2110515,DECORATIEVE COSMETICA EN TOEBEHOREN,cwa_module.cbl_21105,"voedselcoop_7307","voedselcoop_8007"
cwa_module.cbl_2110520,SHAMPOO,cwa_module.cbl_21105,"voedselcoop_7307","voedselcoop_8007"
cwa_module.cbl_2110525,OVERIGE HAARVERZORGINGS PRODUCTEN,cwa_module.cbl_21105,"voedselcoop_7307","voedselcoop_8007"
cwa_module.cbl_2110530,MONDVERZORGING,cwa_module.cbl_21105,"voedselcoop_7307","voedselcoop_8007"
cwa_module.cbl_2110535,BABYVERZORGING,cwa_module.cbl_21105,"voedselcoop_7307","voedselcoop_8007"
cwa_module.cbl_2110540,SCHEERPRODUCTEN EN TOEBEHOREN,cwa_module.cbl_21105,"voedselcoop_7307","voedselcoop_8007"
cwa_module.cbl_2110545,"WONDARTIKELEN, INHALER",cwa_module.cbl_21105,"voedselcoop_7307","voedselcoop_8007"
cwa_module.cbl_2110550,CONDOOMS,cwa_module.cbl_21105,"voedselcoop_7307","voedselcoop_8007"
cwa_module.cbl_2111005,"DAMESVERBAND, INLEGKRUISJES, TAMPONS",cwa_module.cbl_21110,"voedselcoop_7307","voedselcoop_8007"
cwa_module.cbl_2111010,WEGGOOILUIERS,cwa_module.cbl_21110,"voedselcoop_7307","voedselcoop_8007"
cwa_module.cbl_2111015,INCONTINENTIEPRODUCTEN,cwa_module.cbl_21110,"voedselcoop_7307","voedselcoop_8007"
cwa_module.cbl_2111505,(VOCHTIG) WC-PAPIER,cwa_module.cbl_21115,"voedselcoop_7307","voedselcoop_8007"
cwa_module.cbl_2111510,KEUKENROLLEN,cwa_module.cbl_21115,"voedselcoop_7307","voedselcoop_8007"
cwa_module.cbl_2112005,"PAPIEREN ZAKDOEKJES, TISSUES",cwa_module.cbl_21120,"voedselcoop_7307","voedselcoop_8007"
cwa_module.cbl_2210505,WITWASMIDDELEN,cwa_module.cbl_22105,"voedselcoop_7307","voedselcoop_8007"
cwa_module.cbl_2210510,"BONT-, WOL-, FIJN-, EN HANDWASMIDDELEN",cwa_module.cbl_22105,"voedselcoop_7307","voedselcoop_8007"
cwa_module.cbl_2210515,VOORWASMIDDELEN,cwa_module.cbl_22105,"voedselcoop_7307","voedselcoop_8007"
cwa_module.cbl_2210520,WASVERZACHTERS,cwa_module.cbl_22105,"voedselcoop_7307","voedselcoop_8007"
cwa_module.cbl_2210525,OVERIG WASMIDDELEN,cwa_module.cbl_22105,"voedselcoop_7307","voedselcoop_8007"
cwa_module.cbl_2210530,AFWAS-/VAATWASMIDDELEN,cwa_module.cbl_22105,"voedselcoop_7307","voedselcoop_8007"
cwa_module.cbl_2210535,"GENERIEKE REINIGERS, SCHUURMIDDEL",cwa_module.cbl_22105,"voedselcoop_7307","voedselcoop_8007"
cwa_module.cbl_2210540,SPECIALISTISCHE REINIGERS,cwa_module.cbl_22105,"voedselcoop_7307","voedselcoop_8007"
cwa_module.cbl_2210545,TOILETREINIGERS,cwa_module.cbl_22105,"voedselcoop_7307","voedselcoop_8007"
cwa_module.cbl_2210550,LUCHTVERFRISSERS,cwa_module.cbl_22105,"voedselcoop_7307","voedselcoop_8007"
cwa_module.cbl_2211005,MEUBELREINIGING/ONDERHOUDSMIDDELEN,cwa_module.cbl_22110,"voedselcoop_7307","voedselcoop_8007"
cwa_module.cbl_2211010,"ZILVERPOETS, KOPERPOETS",cwa_module.cbl_22110,"voedselcoop_7307","voedselcoop_8007"
cwa_module.cbl_2211015,VLOERREINIGING/ONDERHOUD,cwa_module.cbl_22110,"voedselcoop_7307","voedselcoop_8007"
cwa_module.cbl_2211020,SCHOENPOETSMIDDELEN,cwa_module.cbl_22110,"voedselcoop_7307","voedselcoop_8007"
cwa_module.cbl_2310505,SCHRIJFWAREN,cwa_module.cbl_23105,"voedselcoop_7307","voedselcoop_8007"
cwa_module.cbl_2310510,BUREAU ACCESSOIRES,cwa_module.cbl_23105,"voedselcoop_7307","voedselcoop_8007"
cwa_module.cbl_2310520,"SCHRIJFBLOKKEN, MULTO-PAPIER, SCHRIFTEN",cwa_module.cbl_23105,"voedselcoop_7307","voedselcoop_8007"
cwa_module.cbl_2310525,ENVELOPPEN,cwa_module.cbl_23105,"voedselcoop_7307","voedselcoop_8007"
cwa_module.cbl_2310530,"KADOPAPIER, FEESTARTIKELEN, DECORATIES",cwa_module.cbl_23105,"voedselcoop_7307","voedselcoop_8007"
cwa_module.cbl_2311005,WENSKAARTEN,cwa_module.cbl_23110,"voedselcoop_7307","voedselcoop_8007"
cwa_module.cbl_2410505,DAGBLADEN,cwa_module.cbl_24105,"voedselcoop_7307","voedselcoop_8007"
cwa_module.cbl_2411005,VROUWENBLADEN,cwa_module.cbl_24110,"voedselcoop_7307","voedselcoop_8007"
cwa_module.cbl_2411010,MANNENBLADEN,cwa_module.cbl_24110,"voedselcoop_7307","voedselcoop_8007"
cwa_module.cbl_2411015,FAMILIE- RODDELBLADEN,cwa_module.cbl_24110,"voedselcoop_7307","voedselcoop_8007"
cwa_module.cbl_2411020,RTV-BLADEN,cwa_module.cbl_24110,"voedselcoop_7307","voedselcoop_8007"
cwa_module.cbl_2411025,SPECIALE INTERESTBLADEN,cwa_module.cbl_24110,"voedselcoop_7307","voedselcoop_8007"
cwa_module.cbl_2411030,PUZZELBLADEN,cwa_module.cbl_24110,"voedselcoop_7307","voedselcoop_8007"
cwa_module.cbl_2411035,OPINIEWEEKBLADEN,cwa_module.cbl_24110,"voedselcoop_7307","voedselcoop_8007"
cwa_module.cbl_2411040,EENMALIGE UITGAVEN,cwa_module.cbl_24110,"voedselcoop_7307","voedselcoop_8007"
cwa_module.cbl_2411505,"BOEKEN, POCKETS",cwa_module.cbl_24115,"voedselcoop_7307","voedselcoop_8007"
cwa_module.cbl_2511005,"VUILNISZAKKEN, PEDAALEMMERZAKKEN",cwa_module.cbl_25110,"voedselcoop_7307","voedselcoop_8007"
cwa_module.cbl_2511010,HUISHOUDFOLIE,cwa_module.cbl_25110,"voedselcoop_7307","voedselcoop_8007"
cwa_module.cbl_2511015,"BOTERHAMZAKJES, DIEPVRIESZAKJES",cwa_module.cbl_25110,"voedselcoop_7307","voedselcoop_8007"
cwa_module.cbl_2511020,"WASEMKAPFILTERS, STOFZUIGERZAKKEN",cwa_module.cbl_25110,"voedselcoop_7307","voedselcoop_8007"
cwa_module.cbl_2511025,KOFFIEFILTERS,cwa_module.cbl_25110,"voedselcoop_7307","voedselcoop_8007"
cwa_module.cbl_2511030,WEGWERPARTIKELEN,cwa_module.cbl_25110,"voedselcoop_7307","voedselcoop_8007"
cwa_module.cbl_2511035,ONDERHOUDSMATERIALEN / BORSTELWERK,cwa_module.cbl_25110,"voedselcoop_7307","voedselcoop_8007"
cwa_module.cbl_2511040,INSECTENVERDELGERS,cwa_module.cbl_25110,"voedselcoop_7307","voedselcoop_8007"
cwa_module.cbl_2512005,"ZUIGFLESSEN, SPENEN",cwa_module.cbl_25120,"voedselcoop_7307","voedselcoop_8007"
cwa_module.cbl_2512505,PANTY'S/NYLONS,cwa_module.cbl_25125,"voedselcoop_7307","voedselcoop_8007"
cwa_module.cbl_2513005,GLOEILAMPEN,cwa_module.cbl_25130,"voedselcoop_7307","voedselcoop_8007"
cwa_module.cbl_2513010,BATTERIJEN,cwa_module.cbl_25130,"voedselcoop_7307","voedselcoop_8007"
cwa_module.cbl_2513015,"KAARSEN, WAXINELICHTJES",cwa_module.cbl_25130,"voedselcoop_7307","voedselcoop_8007"
cwa_module.cbl_2513020,"AANMAAKBLOKJES, HOUTSKOOL",cwa_module.cbl_25130,"voedselcoop_7307","voedselcoop_8007"
cwa_module.cbl_2513025,LUCIFERS,cwa_module.cbl_25130,"voedselcoop_7307","voedselcoop_8007"
cwa_module.cbl_2610505,BLOEMEN- EN PLANTVOEDING EN VERZORGING,cwa_module.cbl_26105,"voedselcoop_7307","voedselcoop_8007"
cwa_module.cbl_2610520,POTGROND,cwa_module.cbl_26105,"voedselcoop_7307","voedselcoop_8007"
cwa_module.cbl_2620505,SNIJBLOEMEN,cwa_module.cbl_26205,"voedselcoop_7307","voedselcoop_8007"
cwa_module.cbl_2620510,(KAMER)PLANTEN,cwa_module.cbl_26205,"voedselcoop_7307","voedselcoop_8007"
cwa_module.cbl_2620515,SEIZOENSARTIKELEN,cwa_module.cbl_26205,"voedselcoop_7307","voedselcoop_8007"
cwa_module.cbl_2710505,DIERENBENODIGDHEDEN,cwa_module.cbl_27105,"voedselcoop_7307","voedselcoop_8007"
cwa_module.cbl_2710510,KATTENBAKVULLING,cwa_module.cbl_27105,"voedselcoop_7307","voedselcoop_8007"
cwa_module.cbl_2710515,SCHELPENZAND,cwa_module.cbl_27105,"voedselcoop_7307","voedselcoop_8007"
cwa_module.cbl_2710520,"HOOI, STRO",cwa_module.cbl_27105,"voedselcoop_7307","voedselcoop_8007"
cwa_module.cbl_2810505,BOODSCHAPPENTASSEN,cwa_module.cbl_28105,"voedselcoop_7307","voedselcoop_8007"
cwa_module.cbl_2810510,FOLDERS EN BROCHURES,cwa_module.cbl_28105,"voedselcoop_7307","voedselcoop_8007"
cwa_module.cbl_2810515,WAARDEBONNEN,cwa_module.cbl_28105,"voedselcoop_7307","voedselcoop_8007"
cwa_module.cbl_2810520,EMBALLAGE,cwa_module.cbl_28105,"voedselcoop_7307","voedselcoop_8007"
cwa_module.cbl_2811005,"KOUSEN, SOKKEN",cwa_module.cbl_28110,"voedselcoop_7307","voedselcoop_8007"
cwa_module.cbl_2811010,HUISHOUDTEXTIEL,cwa_module.cbl_28110,"voedselcoop_7307","voedselcoop_8007"
cwa_module.cbl_2811015,ONDERGOED,cwa_module.cbl_28110,"voedselcoop_7307","voedselcoop_8007"
cwa_module.cbl_2811020,OVERIGE TEXTIEL,cwa_module.cbl_28110,"voedselcoop_7307","voedselcoop_8007"
cwa_module.cbl_2811025,SCHOEISEL,cwa_module.cbl_28110,"voedselcoop_7307","voedselcoop_8007"
cwa_module.cbl_2811505,FOTO MATERIALEN,cwa_module.cbl_28115,"voedselcoop_7307","voedselcoop_8007"
cwa_module.cbl_2811510,"BEELDDRAGERS, GELUIDDRAGERS",cwa_module.cbl_28115,"voedselcoop_7307","voedselcoop_8007"
cwa_module.cbl_2811515,FOTOALBUMS,cwa_module.cbl_28115,"voedselcoop_7307","voedselcoop_8007"
cwa_module.cbl_2812505,KLEDINGSERVICES,cwa_module.cbl_28125,"voedselcoop_7307","voedselcoop_8007"
cwa_module.cbl_2812510,SCHOENREPARATIE,cwa_module.cbl_28125,"voedselcoop_7307","voedselcoop_8007"
cwa_module.cbl_2812515,BOODSCHAPPENBEZORGSERVICE,cwa_module.cbl_28125,"voedselcoop_7307","voedselcoop_8007"
cwa_module.cbl_2812520,PTT-POST SERVICE,cwa_module.cbl_28125,"voedselcoop_7307","voedselcoop_8007"
cwa_module.cbl_2812525,FOTO-ONTWIKKEL EN AFDRUK SERVICES,cwa_module.cbl_28125,"voedselcoop_7307","voedselcoop_8007"
cwa_module.cbl_2812530,KOPIEER- EN FAXSERVICE,cwa_module.cbl_28125,"voedselcoop_7307","voedselcoop_8007"
cwa_module.cbl_2812535,OVERIGE SERVICES,cwa_module.cbl_28125,"voedselcoop_7307","voedselcoop_8007"
cwa_module.cbl_2813005,KLEIN HUISHOUDELIJK PLASTIC,cwa_module.cbl_28130,"voedselcoop_7307","voedselcoop_8007"
cwa_module.cbl_2813010,GROOTHUISHOUDELIJK PLASTIC,cwa_module.cbl_28130,"voedselcoop_7307","voedselcoop_8007"
cwa_module.cbl_2813015,"POTTEN, PANNEN, BAKVORMEN",cwa_module.cbl_28130,"voedselcoop_7307","voedselcoop_8007"
cwa_module.cbl_2813020,KEUKENHULPJES,cwa_module.cbl_28130,"voedselcoop_7307","voedselcoop_8007"
cwa_module.cbl_2813025,"GLAS, PORCELEIN, AARDEWERK",cwa_module.cbl_28130,"voedselcoop_7307","voedselcoop_8007"
cwa_module.cbl_2815005,AFSLANKPRODUCTEN,cwa_module.cbl_28150,"voedselcoop_7307","voedselcoop_8007"
cwa_module.cbl_2815010,"VITAMINEN, MINERALEN, VOEDINGSSUPPLEMENTEN",cwa_module.cbl_28150,"voedselcoop_7307","voedselcoop_8007"
cwa_module.cbl_2815505,PIJNSTILLENDE MIDDELEN,cwa_module.cbl_28155,"voedselcoop_7307","voedselcoop_8007"
cwa_module.cbl_2815510,VERKOUDHEIDSPREPARATEN,cwa_module.cbl_28155,"voedselcoop_7307","voedselcoop_8007"
cwa_module.cbl_2815515,"HOESTPREPARATEN, KEELPREPARATEN",cwa_module.cbl_28155,"voedselcoop_7307","voedselcoop_8007"
cwa_module.cbl_2815520,GRIEPPREPARATEN,cwa_module.cbl_28155,"voedselcoop_7307","voedselcoop_8007"
cwa_module.cbl_2815525,SPIJSVERTERINGSPREPARATEN,cwa_module.cbl_28155,"voedselcoop_7307","voedselcoop_8007"
cwa_module.cbl_2815530,OOGVERZORGING,cwa_module.cbl_28155,"voedselcoop_7307","voedselcoop_8007"
cwa_module.cbl_2815531,OORVERZORGING,cwa_module.cbl_28155,"voedselcoop_7307","voedselcoop_8007"
cwa_module.cbl_2815535,"BLAASPREPARATEN, GESLACHTPREPARATEN",cwa_module.cbl_28155,"voedselcoop_7307","voedselcoop_8007"
cwa_module.cbl_2815540,BLOEDSOMLOOP PREPARATEN,cwa_module.cbl_28155,"voedselcoop_7307","voedselcoop_8007"
cwa_module.cbl_2815550,HUIDVERZORGING,cwa_module.cbl_28155,"voedselcoop_7307","voedselcoop_8007"
cwa_module.cbl_2815555,"SPIERVERZORGING, GEWRICHTSVERZORGING",cwa_module.cbl_28155,"voedselcoop_7307","voedselcoop_8007"
cwa_module.cbl_2816005,"KALMEREND, RUSTGEVEND",cwa_module.cbl_28160,"voedselcoop_7307","voedselcoop_8007"
cwa_module.cbl_2816010,MIDDELEN TEGEN REISZIEKTE,cwa_module.cbl_28160,"voedselcoop_7307","voedselcoop_8007"
cwa_module.cbl_2816015,OVERIGE HABITUELE AANDOENINGEN,cwa_module.cbl_28160,"voedselcoop_7307","voedselcoop_8007"
cwa_module.cbl_2816505,ZWANGERSCHAPSTESTEN,cwa_module.cbl_28165,"voedselcoop_7307","voedselcoop_8007"
cwa_module.cbl_2816507,OVULATIETEST,cwa_module.cbl_28165,"voedselcoop_7307","voedselcoop_8007"
cwa_module.cbl_2816508,THERMOMETERS,cwa_module.cbl_28165,"voedselcoop_7307","voedselcoop_8007"
cwa_module.cbl_2816510,OVERIGE DIAGNOSTISCHE TESTEN,cwa_module.cbl_28165,"voedselcoop_7307","voedselcoop_8007"
cwa_module.cbl_2819505,BIJOUX,cwa_module.cbl_28195,"voedselcoop_7307","voedselcoop_8007"
cwa_module.cbl_2819510,"FIETS, AUTO",cwa_module.cbl_28195,"voedselcoop_7307","voedselcoop_8007"
cwa_module.cbl_2819515,GEREEDSCHAPPEN,cwa_module.cbl_28195,"voedselcoop_7307","voedselcoop_8007"
cwa_module.cbl_2819525,HAARDBLOKKEN,cwa_module.cbl_28195,"voedselcoop_7307","voedselcoop_8007"
cwa_module.cbl_2819535,DOE HET ZELF,cwa_module.cbl_28195,"voedselcoop_7307","voedselcoop_8007"
cwa_module.cbl_2819540,VERF EN ACCESSOIRES,cwa_module.cbl_28195,"voedselcoop_7307","voedselcoop_8007"
cwa_module.cbl_2819545,"SCHOENONDERHOUDSARTIKELEN, VETERS",cwa_module.cbl_28195,"voedselcoop_7307","voedselcoop_8007"
cwa_module.cbl_2819550,SPEELGOED,cwa_module.cbl_28195,"voedselcoop_7307","voedselcoop_8007"
cwa_module.cbl_2819555,TUINARTIKELEN,cwa_module.cbl_28195,"voedselcoop_7307","voedselcoop_8007"
cwa_module.cbl_2819560,KOOKBOEKEN,cwa_module.cbl_28195,"voedselcoop_7307","voedselcoop_8007"
cwa_module.cbl_2819565,DECORATIE NON FOOD,cwa_module.cbl_28195,"voedselcoop_7307","voedselcoop_8007"
cwa_module.cbl_2819570,"TASSEN, KOFFERS",cwa_module.cbl_28195,"voedselcoop_7307","voedselcoop_8007"
cwa_module.cbl_2819575,APPARATEN ELEKTRISCH / ELEKTRONISCH,cwa_module.cbl_28195,"voedselcoop_7307","voedselcoop_8007"
cwa_module.cbl_2819580,CAMPING,cwa_module.cbl_28195,"voedselcoop_7307","voedselcoop_8007"
cwa_module.cbl_2819585,NAAIGAREN EN NAAIGEREI,cwa_module.cbl_28195,"voedselcoop_7307","voedselcoop_8007"
cwa_module.cbl_2819590,OPTIEK,cwa_module.cbl_28195,"voedselcoop_7307","voedselcoop_8007"
cwa_module.cbl_2819599,OVERIGE ASSORTIMENT,cwa_module.cbl_28195,"voedselcoop_7307","voedselcoop_8007"
cwa_module.cbl_2910505,JENEVER,cwa_module.cbl_29105,"voedselcoop_7306","voedselcoop_8006"
cwa_module.cbl_2910510,VIEUX,cwa_module.cbl_29105,"voedselcoop_7306","voedselcoop_8006"
cwa_module.cbl_2910515,BRANDEWIJN,cwa_module.cbl_29105,"voedselcoop_7306","voedselcoop_8006"
cwa_module.cbl_2910520,BERENBURG,cwa_module.cbl_29105,"voedselcoop_7306","voedselcoop_8006"
cwa_module.cbl_2910525,LIKEUREN,cwa_module.cbl_29105,"voedselcoop_7306","voedselcoop_8006"
cwa_module.cbl_2910530,WHISKY,cwa_module.cbl_29105,"voedselcoop_7306","voedselcoop_8006"
cwa_module.cbl_2910535,COGNAC,cwa_module.cbl_29105,"voedselcoop_7306","voedselcoop_8006"
cwa_module.cbl_2910540,RUM,cwa_module.cbl_29105,"voedselcoop_7306","voedselcoop_8006"
cwa_module.cbl_2910545,GIN,cwa_module.cbl_29105,"voedselcoop_7306","voedselcoop_8006"
cwa_module.cbl_2910550,WODKA,cwa_module.cbl_29105,"voedselcoop_7306","voedselcoop_8006"
cwa_module.cbl_2910555,CREAMDRANKEN,cwa_module.cbl_29105,"voedselcoop_7306","voedselcoop_8006"
cwa_module.cbl_2910560,ANIJSDRANKEN,cwa_module.cbl_29105,"voedselcoop_7306","voedselcoop_8006"
cwa_module.cbl_2910565,OVERIGE SPECIALITEITEN,cwa_module.cbl_29105,"voedselcoop_7306","voedselcoop_8006"
cwa_module.cbl_4000005,SCHUIMSCHALEN,cwa_module.cbl_40000,"voedselcoop_7307","voedselcoop_8007"
cwa_module.cbl_4000010,PAPIEREN ZAKKEN,cwa_module.cbl_40000,"voedselcoop_7307","voedselcoop_8007"
cwa_module.cbl_4000015,PLASTIC ZAKKEN,cwa_module.cbl_40000,"voedselcoop_7307","voedselcoop_8007"
cwa_module.cbl_4000020,FOLIE ZAKKEN,cwa_module.cbl_40000,"voedselcoop_7307","voedselcoop_8007"
cwa_module.cbl_4000025,GECOMBINEERDE ZAKKEN,cwa_module.cbl_40000,"voedselcoop_7307","voedselcoop_8007"
cwa_module.cbl_4100030,KAARTEN,cwa_module.cbl_41000,"voedselcoop_7307","voedselcoop_8007"
cwa_module.cbl_4100035,KLEDING,cwa_module.cbl_41000,"voedselcoop_7307","voedselcoop_8007"
cwa_module.cbl_4100040,VLAGGENSTOKKEN,cwa_module.cbl_41000,"voedselcoop_7307","voedselcoop_8007"
cwa_module.cbl_4100045,OVERIG STYLING MATERIAAL,cwa_module.cbl_41000,"voedselcoop_7307","voedselcoop_8007"
cwa_module.cbl_4200005,ETIKETTEN,cwa_module.cbl_42000,"voedselcoop_7307","voedselcoop_8007"
cwa_module.cbl_4200010,BONROLLEN,cwa_module.cbl_42000,"voedselcoop_7307","voedselcoop_8007"
cwa_module.cbl_4200015,TONER,cwa_module.cbl_42000,"voedselcoop_7307","voedselcoop_8007"
cwa_module.cbl_4200020,INKTLINTEN,cwa_module.cbl_42000,"voedselcoop_7307","voedselcoop_8007"
cwa_module.cbl_4200025,DIVERSE,cwa_module.cbl_42000,"voedselcoop_7307","voedselcoop_8007"
cwa_module.cbl_4300005,ROLHOUDER,cwa_module.cbl_43000,"voedselcoop_7307","voedselcoop_8007"
cwa_module.cbl_4300010,HANDDOEKENDISPENSER,cwa_module.cbl_43000,"voedselcoop_7307","voedselcoop_8007"
cwa_module.cbl_4300015,DIVERSE,cwa_module.cbl_43000,"voedselcoop_7307","voedselcoop_8007"
